[
    {
        "account": "111",
        "name": "Bhuvana.E",
        "phone": "1234567890",
        "password": "booboo",
        "city": "chennai",
        "balance": "2000"
    },
    {
        "account": "222",
        "name": "aaa",
        "phone": "1234567890",
        "password": "booboo",
        "city": "chennai",
        "balance": "3000"
    },
    {
        "account": "333",
        "name": "bbb",
        "phone": "1234567890",
        "password": "booboo",
        "city": "chennai",
        "balance": "4000"
    }
]